<beans xmlns="http://www.springframework.org/schema/beans"
	xmlns:context="http://www.springframework.org/schema/context"
	xmlns:aop="http://www.springframework.org/schema/aop" 
	xmlns:tx="http://www.springframework.org/schema/tx"
	xmlns:util="http://www.springframework.org/schema/util"
	xmlns:xsi="http://www.w3.org/2001/XMLSchema-instance"
	xsi:schemaLocation="
	http://www.springframework.org/schema/beans http://www.springframework.org/schema/beans/spring-beans-4.0.xsd
	http://www.springframework.org/schema/context http://www.springframework.org/schema/context/spring-context-4.0.xsd
	http://www.springframework.org/schema/aop http://www.springframework.org/schema/aop/spring-aop-4.0.xsd 
	http://www.springframework.org/schema/tx http://www.springframework.org/schema/tx/spring-tx-4.0.xsd
	http://www.springframework.org/schema/util http://www.springframework.org/schema/util/spring-util-4.0.xsd">
	
	<!--配置包扫描   
		如果是单个项目需要定位到具体的service
		如果是多个项目，需要都进行包扫描 所以写的范围较大
	-->
	<context:component-scan base-package="com.jt"/>
	
	
	<!--引入外部配置文件  由于后期可能会引入多个配置文件 所以采用list的形式  -->
	<bean id="propertyPlaceholder" class="org.springframework.beans.factory.config.PropertyPlaceholderConfigurer">
		<property name="locations">
			<list>
				<value>classpath:/property/jdbc.properties</value>
				<value>classpath:/property/image.properties</value> 			
			</list>
		</property>
	</bean>
	
	 <bean id="dataSource" class="com.alibaba.druid.pool.DruidDataSource">
        <property name="driverClassName" value="${jdbc.driverClassName}" />
        <property name="url" value="${jdbc.url}" />
        <property name="username" value="${jdbc.username}" />
        <property name="password" value="${jdbc.password}" />
    </bean>
	
	<!--配置声明式事务处理的步骤	1.配置事物管理器   2.定义事物事物通知     3.配置事物切面 -->
	<!--定义事务管理器  -->
	<bean id="transactionManager" class="org.springframework.jdbc.datasource.DataSourceTransactionManager">
		<!--配置数据源  -->
		<property name="dataSource" ref="dataSource"/>
	</bean>
	
	<!--定义事务通知  -->
	<tx:advice id="txAdvice" transaction-manager="transactionManager">
		<tx:attributes>
			<!--定义读数据的方法  -->
			<tx:method name="find*" propagation="SUPPORTS" read-only="true"/>
			<tx:method name="select*" propagation="SUPPORTS" read-only="true"/>
			<tx:method name="query*" propagation="SUPPORTS" read-only="true"/>
			
			<!--更新数据库操作  -->
			<tx:method name="save*" propagation="REQUIRED"/>
			<tx:method name="delete*" propagation="REQUIRED"/>
			<tx:method name="update*" propagation="REQUIRED"/>
			
			<!--其他方法  -->
			<tx:method name="*" propagation="SUPPORTS" read-only="true"/>
		</tx:attributes>
	</tx:advice>
	
	<!--配置事物切面  -->
	<aop:config>
		<aop:pointcut expression="execution(* com.jt.manage.service..*.*(..))" id="pc"/>
		<aop:advisor advice-ref="txAdvice" pointcut-ref="pc"/>
	</aop:config>
	
</beans>