<?xml version="1.0" encoding="UTF-8"?>
<beans xmlns="http://www.springframework.org/schema/beans"
	xmlns:xsi="http://www.w3.org/2001/XMLSchema-instance"
	xmlns:context="http://www.springframework.org/schema/context"
	xmlns:mvc="http://www.springframework.org/schema/mvc"
	xsi:schemaLocation="
		http://www.springframework.org/schema/beans 
		http://www.springframework.org/schema/beans/spring-beans.xsd
        http://www.springframework.org/schema/mvc 
        http://www.springframework.org/schema/mvc/spring-mvc-4.0.xsd
        http://www.springframework.org/schema/context 
        http://www.springframework.org/schema/context/spring-context.xsd">


	<!--开启mvc注解  -->
	<mvc:annotation-driven/>
	
	<!--开启包扫描  -->
	<!-- <context:component-scan base-package="com.jt.manage.controller"/> -->
	
	<!--定义视图解析器  -->
	<bean class="org.springframework.web.servlet.view.InternalResourceViewResolver">
		<!--定义前缀和后缀  -->
		<property name="prefix" value="/WEB-INF/views/"/>
		<property name="suffix" value=".jsp"/>
	</bean>
	
	<!--放行静态资源  -->
	<mvc:default-servlet-handler/>

	<!--配置文件上传视图解析器
		说明:id值必须写死,否则需要多余的配置项.
	  -->
	<bean id="multipartResolver" class="org.springframework.web.multipart.commons.CommonsMultipartResolver">
		<property name="maxUploadSize" value="10485670"/>
		<property name="defaultEncoding" value="UTF-8"/>
	</bean>
	
	
	
	
	
	
	
	
	
	
	
	
</beans>